acopio,anio,mes,fecha,orig_mes,orig_ytd,equiv_mes,equiv_ytd
GUARDIA ESCOLTA,2017,1,2017-01-01,12646,12646,29.7,29.7
GUARDIA ESCOLTA,2017,2,2017-02-01,6039,18685,0,29.7
GUARDIA ESCOLTA,2017,3,2017-03-01,27137.477,45822.477,591.58,621.2800000000001
GUARDIA ESCOLTA,2017,4,2017-04-01,21093.084000000003,66915.561,2104.98,2726.26
GUARDIA ESCOLTA,2017,5,2017-05-01,13205.966,80121.527,13220.58,15946.84
GUARDIA ESCOLTA,2017,6,2017-06-01,10415.509999999995,90537.037,12323.280000000002,28270.120000000003
GUARDIA ESCOLTA,2017,7,2017-07-01,13113.410000000003,103650.447,4633.659999999996,32903.78
GUARDIA ESCOLTA,2017,8,2017-08-01,1537,105187.447,4566.68,37470.46
GUARDIA ESCOLTA,2017,9,2017-09-01,22610,127797.447,3940.519999999997,41410.979999999996
GUARDIA ESCOLTA,2017,10,2017-10-01,7691.380000000019,135488.82700000002,956.5199999999968,42367.49999999999
GUARDIA ESCOLTA,2017,11,2017-11-01,30294,165782.82700000002,13364.200000000004,55731.7
GUARDIA ESCOLTA,2017,12,2017-12-01,837,166619.82700000002,393.3000000000029,56125
GUARDIA ESCOLTA,2018,1,2018-01-01,20627.64,20627.64,0,0
GUARDIA ESCOLTA,2018,2,2018-02-01,4894.6939999999995,25522.334,1212.84,1212.84
GUARDIA ESCOLTA,2018,3,2018-03-01,0,25522.334,0,1212.84
GUARDIA ESCOLTA,2018,4,2018-04-01,29392.000000000004,54914.334,2935,4147.84
GUARDIA ESCOLTA,2018,5,2018-05-01,-14296.334000000003,40618,12584.119999999999,16731.96
GUARDIA ESCOLTA,2018,6,2018-06-01,999,41617,3215.1059999999998,19947.066
GUARDIA ESCOLTA,2018,7,2018-07-01,18092,59709,4128.239999999998,24075.305999999997
GUARDIA ESCOLTA,2018,8,2018-08-01,2237,61946,5089,29164.305999999997
GUARDIA ESCOLTA,2018,9,2018-09-01,5634,67580,3982.8899999999994,33147.195999999996
GUARDIA ESCOLTA,2018,10,2018-10-01,4028,71608,5275.9000000000015,38423.096
GUARDIA ESCOLTA,2018,11,2018-11-01,13007,84615,8174.239999999998,46597.335999999996
GUARDIA ESCOLTA,2018,12,2018-12-01,3248,87863,5354.25,51951.585999999996
GUARDIA ESCOLTA,2019,1,2019-01-01,44568,44568,2109.5,2109.5
GUARDIA ESCOLTA,2019,2,2019-02-01,6413,50981,1543,3652.5
GUARDIA ESCOLTA,2019,3,2019-03-01,9740,60721,2619,6271.5
GUARDIA ESCOLTA,2019,4,2019-04-01,13250,73971,1713.5,7985
GUARDIA ESCOLTA,2019,5,2019-05-01,21722,95693,5019.6900000000005,13004.69
GUARDIA ESCOLTA,2019,6,2019-06-01,6409,102102,5820.42,18825.11
GUARDIA ESCOLTA,2019,7,2019-07-01,6087,108189,5448.52,24273.63
GUARDIA ESCOLTA,2019,8,2019-08-01,19508,127697,7883.939999999999,32157.57
GUARDIA ESCOLTA,2019,9,2019-09-01,14041,141738,4433.82,36591.39
GUARDIA ESCOLTA,2019,10,2019-10-01,3409,145147,5384.5999999999985,41975.99
GUARDIA ESCOLTA,2019,11,2019-11-01,20077.98999999999,165224.99,12864.230000000003,54840.22
GUARDIA ESCOLTA,2019,12,2019-12-01,3875.0100000000093,169100,4308.620000000003,59148.840000000004
GUARDIA ESCOLTA,2020,1,2020-01-01,83807,83807,6314.2,6314.2
GUARDIA ESCOLTA,2020,2,2020-02-01,8744,92551,1972.500000000001,8286.7
GUARDIA ESCOLTA,2020,3,2020-03-01,15549,108100,3886.3899999999994,12173.09
GUARDIA ESCOLTA,2020,4,2020-04-01,25055,133155,13928.009999999998,26101.1
GUARDIA ESCOLTA,2020,5,2020-05-01,30530,163685,10425.267050000002,36526.36705
GUARDIA ESCOLTA,2020,6,2020-06-01,20504,184189,8995.315000000002,45521.68205
GUARDIA ESCOLTA,2020,7,2020-07-01,24273,208462,11119.020000000004,56640.70205000001
GUARDIA ESCOLTA,2020,8,2020-08-01,9612,218074,8008.095000000001,64648.79705000001
GUARDIA ESCOLTA,2020,9,2020-09-01,8661,226735,3148.904999999999,67797.70205
GUARDIA ESCOLTA,2020,10,2020-10-01,8622,235357,1538.7899999999936,69336.49205
GUARDIA ESCOLTA,2020,11,2020-11-01,13414,248771,11745.220000000001,81081.71205
GUARDIA ESCOLTA,2020,12,2020-12-01,4418,253189,1411.229999999996,82492.94205
GUARDIA ESCOLTA,2021,1,2021-01-01,44861,44861,2347.249999999999,2347.249999999999
GUARDIA ESCOLTA,2021,2,2021-02-01,23305,68166,3964,6311.249999999999
GUARDIA ESCOLTA,2021,3,2021-03-01,9516,77682,2812.0950000000003,9123.345
GUARDIA ESCOLTA,2021,4,2021-04-01,37284,114966,3252.885,12376.23
GUARDIA ESCOLTA,2021,5,2021-05-01,36987,151953,16697.865000000013,29074.095000000012
GUARDIA ESCOLTA,2021,6,2021-06-01,16523,168476,3195.2999999999993,32269.39500000001
GUARDIA ESCOLTA,2021,7,2021-07-01,18058,186534,1688.3700000000026,33957.765000000014
GUARDIA ESCOLTA,2021,8,2021-08-01,10529,197063,2315.300000000003,36273.06500000002
GUARDIA ESCOLTA,2021,9,2021-09-01,9384,206447,5835.779999999992,42108.84500000001
GUARDIA ESCOLTA,2021,10,2021-10-01,5813,212260,7751.059999999998,49859.905000000006
GUARDIA ESCOLTA,2021,11,2021-11-01,6683,218943,5149.885000000002,55009.79000000001
GUARDIA ESCOLTA,2021,12,2021-12-01,8690,227633,4684.760000000002,59694.55000000001
GUARDIA ESCOLTA,2022,1,2022-01-01,60864,60864,5150.425000000003,5150.425000000003
GUARDIA ESCOLTA,2022,2,2022-02-01,8261,69125,3906.2939999999976,9056.719000000001
GUARDIA ESCOLTA,2022,3,2022-03-01,18734,87859,2575.9219999999996,11632.641
GUARDIA ESCOLTA,2022,4,2022-04-01,16788,104647,3441.0930000000008,15073.734
GUARDIA ESCOLTA,2022,5,2022-05-01,10557,115204,10484.427999999998,25558.161999999997
GUARDIA ESCOLTA,2022,6,2022-06-01,15329,130533,3834.2559999999994,29392.417999999998
GUARDIA ESCOLTA,2022,7,2022-07-01,11576,142109,7981.505499999996,37373.92349999999
GUARDIA ESCOLTA,2022,8,2022-08-01,13493,155602,6604.385000000007,43978.3085
GUARDIA ESCOLTA,2022,9,2022-09-01,21937,177539,4783.028500000004,48761.337
GUARDIA ESCOLTA,2022,10,2022-10-01,5669,183208,3462.4975000000004,52223.8345
GUARDIA ESCOLTA,2022,11,2022-11-01,3063,186271,4586.886000000001,56810.720499999996
GUARDIA ESCOLTA,2022,12,2022-12-01,5299,191570,2496.1150000000002,59306.835499999994
GUARDIA ESCOLTA,2023,1,2023-01-01,26490,26490,6185.79,6185.79
GUARDIA ESCOLTA,2023,2,2023-02-01,6389,32879,2845.7200000000003,9031.51
GUARDIA ESCOLTA,2023,3,2023-03-01,4503,37382,721.46,9752.970000000001
GUARDIA ESCOLTA,2023,4,2023-04-01,5161,42543,2823.52,12576.490000000002
GUARDIA ESCOLTA,2023,5,2023-05-01,14144,56687,7332.54,19909.030000000002
GUARDIA ESCOLTA,2023,6,2023-06-01,5797,62484,8048.88,27957.910000000003
GUARDIA ESCOLTA,2023,7,2023-07-01,15226,77710,13454.65,41412.560000000005
GUARDIA ESCOLTA,2023,8,2023-08-01,11691,89401,9288.34,50700.90000000001
GUARDIA ESCOLTA,2023,9,2023-09-01,14224,103625,4905.879999999999,55606.780000000006
GUARDIA ESCOLTA,2023,10,2023-10-01,1782,105407,5572.110000000001,61178.89000000001
GUARDIA ESCOLTA,2023,11,2023-11-01,6221,111628,4905.33,66084.22
GUARDIA ESCOLTA,2023,12,2023-12-01,1235,112863,4856.33,70940.55
GUARDIA ESCOLTA,2024,1,2024-01-01,22009,22009,4785.91,4785.91
GUARDIA ESCOLTA,2024,2,2024-02-01,4089,26098,3204.17,7990.08
GUARDIA ESCOLTA,2024,3,2024-03-01,9241,35339,1662.44,9652.52
GUARDIA ESCOLTA,2024,4,2024-04-01,10631,45970,1773.6599999999999,11426.18
GUARDIA ESCOLTA,2024,5,2024-05-01,17127,63097,14888.51,26314.690000000002
GUARDIA ESCOLTA,2024,6,2024-06-01,13762,76859,12237.439999999999,38552.130000000005
GUARDIA ESCOLTA,2024,7,2024-07-01,14361,91220,7400.110000000001,45952.240000000005
GUARDIA ESCOLTA,2024,8,2024-08-01,8699,99919,7996.9000000000005,53949.14000000001
GUARDIA ESCOLTA,2024,9,2024-09-01,5325,105244,9689.01,63638.15000000001
GUARDIA ESCOLTA,2024,10,2024-10-01,3694,108938,11736.08,75374.23000000001
GUARDIA ESCOLTA,2024,11,2024-11-01,16446,125384,3594.5600000000004,78968.79000000001
GUARDIA ESCOLTA,2024,12,2024-12-01,6212,131596,6064.24,85033.03000000001
GUARDIA ESCOLTA,2025,1,2025-01-01,22901.489,22901.489,4511.18,4511.18
GUARDIA ESCOLTA,2025,2,2025-02-01,10885.321000000004,33786.810000000005,5381.75,9892.93
GUARDIA ESCOLTA,2025,3,2025-03-01,6897.290999999997,40684.101,9197.470000000001,19090.4
GUARDIA ESCOLTA,2025,4,2025-04-01,17784.898999999998,58469,7539.830000000002,26630.230000000003
GUARDIA ESCOLTA,2025,5,2025-05-01,30324.467999999993,88793.468,24089.199999999997,50719.43
GUARDIA ESCOLTA,2025,6,2025-06-01,30025.648,118819.116,15023.71,65743.14
GUARDIA ESCOLTA,2025,7,2025-07-01,17147.27399999996,135966.38999999996,8472.229999999996,74215.37
GUARDIA ESCOLTA,2025,8,2025-08-01,11384.285000000003,147350.67499999996,8068.840000000011,82284.21
GUARDIA ESCOLTA,2025,9,2025-09-01,10415.865000000049,157766.54,10722.589999999997,93006.8
GUARDIA ESCOLTA,2025,10,2025-10-01,9194.462999999989,166961.003,10735.01999999999,103741.81999999999
ITIN,2017,1,2017-01-01,9543,9543,138.7,138.7
ITIN,2017,2,2017-02-01,1087,10630,88.4,227.1
ITIN,2017,3,2017-03-01,5859.9310000000005,16489.931,11.060000000000002,238.16
ITIN,2017,4,2017-04-01,3573.524999999998,20063.456,1123.28,1361.44
ITIN,2017,5,2017-05-01,13051.417000000001,33114.873,10515.7,11877.140000000001
ITIN,2017,6,2017-06-01,17898.93,51013.803,12518.85,24395.99
ITIN,2017,7,2017-07-01,25728.156000000003,76741.959,12383.920000000002,36779.91
ITIN,2017,8,2017-08-01,7145.673999999999,83887.633,6192.970000000001,42972.880000000005
ITIN,2017,9,2017-09-01,14721,98608.633,3023.5899999999965,45996.47
ITIN,2017,10,2017-10-01,6688.895999999993,105297.529,2202.720000000001,48199.19
ITIN,2017,11,2017-11-01,6649,111946.529,646.6399999999994,48845.83
ITIN,2017,12,2017-12-01,9206,121152.529,1604.0599999999977,50449.89
ITIN,2018,1,2018-01-01,30382.417,30382.417,3307.8,3307.8
ITIN,2018,2,2018-02-01,11502.396999999997,41884.814,204.3800000000001,3512.1800000000003
ITIN,2018,3,2018-03-01,0,41884.814,0,3512.1800000000003
ITIN,2018,4,2018-04-01,11667,53551.814,890,4402.18
ITIN,2018,5,2018-05-01,2878,56429.814,6847.369999999999,11249.55
ITIN,2018,6,2018-06-01,592,57021.814,721.7549999999992,11971.304999999998
ITIN,2018,7,2018-07-01,21737,78758.814,2410.050000000001,14381.355
ITIN,2018,8,2018-08-01,3932,82690.814,2868,17249.355
ITIN,2018,9,2018-09-01,3086,85776.814,407.84000000000015,17657.195
ITIN,2018,10,2018-10-01,2218,87994.814,3281.9000000000015,20939.095
ITIN,2018,11,2018-11-01,4563,92557.814,3529.6899999999987,24468.785
ITIN,2018,12,2018-12-01,13926,106483.814,3376.9300000000003,27845.715
ITIN,2019,1,2019-01-01,30322,30322,3459.5,3459.5
ITIN,2019,2,2019-02-01,1288,31610,2525.5,5985
ITIN,2019,3,2019-03-01,4002,35612,1882,7867
ITIN,2019,4,2019-04-01,7564,43176,285,8152
ITIN,2019,5,2019-05-01,2872,46048,747.9899999999998,8899.99
ITIN,2019,6,2019-06-01,10701,56749,6275.83,15175.82
ITIN,2019,7,2019-07-01,10966,67715,5438.119999999999,20613.94
ITIN,2019,8,2019-08-01,12105,79820,3912.790000000001,24526.73
ITIN,2019,9,2019-09-01,7818,87638,6126.41,30653.14
ITIN,2019,10,2019-10-01,3365,91003,4984.75,35637.89
ITIN,2019,11,2019-11-01,6396,97399,7587.010000000002,43224.9
ITIN,2019,12,2019-12-01,10258,107657,4511.580000000002,47736.48
ITIN,2020,1,2020-01-01,45978,45978,5471.22,5471.22
ITIN,2020,2,2020-02-01,1323,47301,1538.13,7009.35
ITIN,2020,3,2020-03-01,1133,48434,101.1899999999996,7110.54
ITIN,2020,4,2020-04-01,12914,61348,6638.000000000001,13748.54
ITIN,2020,5,2020-05-01,17258,78606,7498.009174999999,21246.549175
ITIN,2020,6,2020-06-01,7932,86538,8116.980000000003,29363.529175000003
ITIN,2020,7,2020-07-01,11838,98376,7445.064999999995,36808.594175
ITIN,2020,8,2020-08-01,6946,105322,3294.084999999999,40102.679175
ITIN,2020,9,2020-09-01,3570,108892,4919.032999999996,45021.71217499999
ITIN,2020,10,2020-10-01,12257,121149,6324.830000000002,51346.542174999995
ITIN,2020,11,2020-11-01,1567,122716,3287.5,54634.042174999995
ITIN,2020,12,2020-12-01,2629,125345,299.25,54933.292174999995
ITIN,2021,1,2021-01-01,28923,28923,2063.5,2063.5
ITIN,2021,2,2021-02-01,11017,39940,800.9099999999999,2864.41
ITIN,2021,3,2021-03-01,8342,48282,1639.085,4503.495
ITIN,2021,4,2021-04-01,9658,57940,5783.660000000001,10287.155
ITIN,2021,5,2021-05-01,18020,75960,16010.140000000012,26297.295000000013
ITIN,2021,6,2021-06-01,19173,95133,1580.5999999999985,27877.89500000001
ITIN,2021,7,2021-07-01,12718,107851,6096.169999999998,33974.06500000001
ITIN,2021,8,2021-08-01,8811,116662,5159.015000000007,39133.080000000016
ITIN,2021,9,2021-09-01,12954,129616,6882.900000000009,46015.980000000025
ITIN,2021,10,2021-10-01,11090,140706,8492.86,54508.840000000026
ITIN,2021,11,2021-11-01,5359,146065,4454.9649999999965,58963.80500000002
ITIN,2021,12,2021-12-01,7494,153559,4573.384999999995,63537.19000000002
ITIN,2022,1,2022-01-01,35468,35468,3135.2824999999993,3135.2824999999993
ITIN,2022,2,2022-02-01,10391,45859,3558.9435,6694.225999999999
ITIN,2022,3,2022-03-01,11917,57776,0,6694.225999999999
ITIN,2022,4,2022-04-01,34650,92426,6466.160499999995,13160.386499999993
ITIN,2022,5,2022-05-01,32285,124711,14353.609999999982,27513.996499999976
ITIN,2022,6,2022-06-01,16437,141148,7873.079000000002,35387.07549999998
ITIN,2022,7,2022-07-01,8892,150040,7311.223000000001,42698.298499999975
ITIN,2022,8,2022-08-01,13318,163358,4727.0035,47425.301999999974
ITIN,2022,9,2022-09-01,11179,174537,7596.4645,55021.766499999976
ITIN,2022,10,2022-10-01,4029,178566,6777.658999999998,61799.425499999976
ITIN,2022,11,2022-11-01,8224,186790,9754.099999999999,71553.52549999997
ITIN,2022,12,2022-12-01,6568,193358,5590.366500000001,77143.89199999998
ITIN,2023,1,2023-01-01,30618,30618,4452.54,4452.54
ITIN,2023,2,2023-02-01,3600,34218,1652.67,6105.21
ITIN,2023,3,2023-03-01,7045,41263,989.57,7094.78
ITIN,2023,4,2023-04-01,4715,45978,506.38,7601.16
ITIN,2023,5,2023-05-01,19972,65950,9008.5,16609.66
ITIN,2023,6,2023-06-01,16755,82705,8865.27,25474.93
ITIN,2023,7,2023-07-01,20332,103037,13578.329999999998,39053.259999999995
ITIN,2023,8,2023-08-01,9579,112616,5175.74,44228.99999999999
ITIN,2023,9,2023-09-01,9203,121819,3555.81,47784.80999999999
ITIN,2023,10,2023-10-01,3172,124991,6489.72,54274.52999999999
ITIN,2023,11,2023-11-01,5938,130929,4824.43,59098.95999999999
ITIN,2023,12,2023-12-01,4430,135359,2911.8,62010.759999999995
ITIN,2024,1,2024-01-01,24644,24644,2089.73,2089.73
ITIN,2024,2,2024-02-01,4859,29503,1737.5700000000002,3827.3
ITIN,2024,3,2024-03-01,16335,45838,317.52,4144.82
ITIN,2024,4,2024-04-01,14401,60239,5702.86,9847.68
ITIN,2024,5,2024-05-01,21777,82016,16089.15,25936.83
ITIN,2024,6,2024-06-01,16457,98473,13691.699999999999,39628.53
ITIN,2024,7,2024-07-01,10869,109342,6783.53,46412.06
ITIN,2024,8,2024-08-01,2572,111914,3783.4500000000003,50195.509999999995
ITIN,2024,9,2024-09-01,4159,116073,6276.05,56471.56
ITIN,2024,10,2024-10-01,8833,124906,11289.86,67761.42
ITIN,2024,11,2024-11-01,10701,135607,7650.63,75412.05
ITIN,2024,12,2024-12-01,10623,146230,7004.74,82416.79000000001
ITIN,2025,1,2025-01-01,33110.426,33110.426,13804.880000000001,13804.880000000001
ITIN,2025,2,2025-02-01,8374.604,41485.03,4306.23,18111.11
ITIN,2025,3,2025-03-01,2505.081999999995,43990.111999999994,24.729999999999563,18135.84
ITIN,2025,4,2025-04-01,13532.888000000006,57523,887.7599999999984,19023.6
ITIN,2025,5,2025-05-01,10677.096999999994,68200.097,6214.740000000002,25238.34
ITIN,2025,6,2025-06-01,16697.392999999982,84897.48999999998,8278.709999999995,33517.049999999996
ITIN,2025,7,2025-07-01,8955.856000000029,93853.346,4808.529999999999,38325.579999999994
ITIN,2025,8,2025-08-01,18807.516000000003,112660.86200000001,11922.190000000002,50247.77
ITIN,2025,9,2025-09-01,9488.357999999993,122149.22,8650.580000000002,58898.35
ITIN,2025,10,2025-10-01,34173.86799999999,156323.088,10142.239999999998,69040.59
LAS VARILLAS,2017,1,2017-01-01,16714,16714,582.9,582.9
LAS VARILLAS,2017,2,2017-02-01,5362,22076,1504.7399999999998,2087.64
LAS VARILLAS,2017,3,2017-03-01,21122.767999999996,43198.768,334.84000000000015,2422.48
LAS VARILLAS,2017,4,2017-04-01,16342.624000000003,59541.392,2323.68,4746.16
LAS VARILLAS,2017,5,2017-05-01,5086.811999999998,64628.204,6457.9,11204.06
LAS VARILLAS,2017,6,2017-06-01,1422.5230000000156,66050.72700000001,3639.300000000001,14843.36
LAS VARILLAS,2017,7,2017-07-01,6291.333999999988,72342.061,4997.260000000002,19840.620000000003
LAS VARILLAS,2017,8,2017-08-01,13040.013999999996,85382.075,5690.9000000000015,25531.520000000004
LAS VARILLAS,2017,9,2017-09-01,2886,88268.075,671.0200000000004,26202.540000000005
LAS VARILLAS,2017,10,2017-10-01,898.8879999999917,89166.96299999999,915.5800000000017,27118.120000000006
LAS VARILLAS,2017,11,2017-11-01,15874,105040.96299999999,261.08000000000175,27379.200000000008
LAS VARILLAS,2017,12,2017-12-01,7730,112770.96299999999,9.340000000000146,27388.540000000008
LAS VARILLAS,2018,1,2018-01-01,26649.676,26649.676,33.32,33.32
LAS VARILLAS,2018,2,2018-02-01,7255.784000000007,33905.46000000001,3.0600000000000023,36.38
LAS VARILLAS,2018,3,2018-03-01,0,33905.46000000001,0,36.38
LAS VARILLAS,2018,4,2018-04-01,31758,65663.46,13511,13547.38
LAS VARILLAS,2018,5,2018-05-01,4.539999999993597,65668,-3253.7699999999986,10293.61
LAS VARILLAS,2018,6,2018-06-01,3064,68732,2938.146499999999,13231.7565
LAS VARILLAS,2018,7,2018-07-01,7595,76327,749.5,13981.2565
LAS VARILLAS,2018,8,2018-08-01,2198,78525,3143,17124.2565
LAS VARILLAS,2018,9,2018-09-01,3716,82241,2887.470000000001,20011.7265
LAS VARILLAS,2018,10,2018-10-01,4453,86694,0,20011.7265
LAS VARILLAS,2018,11,2018-11-01,4975,91669,1532.2799999999988,21544.0065
LAS VARILLAS,2018,12,2018-12-01,5790,97459,2156.59,23700.5965
LAS VARILLAS,2019,1,2019-01-01,41365,41365,357,357
LAS VARILLAS,2019,2,2019-02-01,5848,47213,899.5,1256.5
LAS VARILLAS,2019,3,2019-03-01,16270,63483,2628.5,3885
LAS VARILLAS,2019,4,2019-04-01,11276,74759,5811,9696
LAS VARILLAS,2019,5,2019-05-01,20866,95625,5194.6875,14890.6875
LAS VARILLAS,2019,6,2019-06-01,9260,104885,3014.369999999999,17905.0575
LAS VARILLAS,2019,7,2019-07-01,24862,129747,4265.610000000001,22170.6675
LAS VARILLAS,2019,8,2019-08-01,31592,161339,9294.719999999998,31465.387499999997
LAS VARILLAS,2019,9,2019-09-01,14344,175683,3166.1100000000006,34631.4975
LAS VARILLAS,2019,10,2019-10-01,18253,193936,2654.959999999999,37286.4575
LAS VARILLAS,2019,11,2019-11-01,15367.99999999997,209303.99999999997,5227.330000000002,42513.7875
LAS VARILLAS,2019,12,2019-12-01,9191.00000000003,218495,1690.6800000000003,44204.4675
LAS VARILLAS,2020,1,2020-01-01,60296,60296,682.46,682.46
LAS VARILLAS,2020,2,2020-02-01,4957,65253,1384.4499999999998,2066.91
LAS VARILLAS,2020,3,2020-03-01,17207,82460,1462.67,3529.58
LAS VARILLAS,2020,4,2020-04-01,25449,107909,10168.02,13697.6
LAS VARILLAS,2020,5,2020-05-01,28885,136794,1912.2458700000007,15609.845870000001
LAS VARILLAS,2020,6,2020-06-01,13538,150332,8120.984999999997,23730.830869999998
LAS VARILLAS,2020,7,2020-07-01,19093,169425,2682.3600000000006,26413.19087
LAS VARILLAS,2020,8,2020-08-01,7235,176660,4308.705000000002,30721.89587
LAS VARILLAS,2020,9,2020-09-01,8467,185127,5291.590000000004,36013.485870000004
LAS VARILLAS,2020,10,2020-10-01,6516,191643,4003.539499999999,40017.02537
LAS VARILLAS,2020,11,2020-11-01,4892,196535,4090.9300000000003,44107.95537
LAS VARILLAS,2020,12,2020-12-01,-5783,190752,1304.3600000000006,45412.315370000004
LAS VARILLAS,2021,1,2021-01-01,63532,63532,1614.535,1614.535
LAS VARILLAS,2021,2,2021-02-01,6152,69684,3143.8,4758.335
LAS VARILLAS,2021,3,2021-03-01,10560,80244,142.35999999999967,4900.695
LAS VARILLAS,2021,4,2021-04-01,21044,101288,5644.6900000000005,10545.385
LAS VARILLAS,2021,5,2021-05-01,20875,122163,4105.619999999997,14651.004999999997
LAS VARILLAS,2021,6,2021-06-01,12107,134270,3513.66,18164.664999999997
LAS VARILLAS,2021,7,2021-07-01,26927,161197,13788.989999999998,31953.654999999995
LAS VARILLAS,2021,8,2021-08-01,6937,168134,8775.180000000004,40728.835
LAS VARILLAS,2021,9,2021-09-01,8264,176398,5924.909999999996,46653.744999999995
LAS VARILLAS,2021,10,2021-10-01,3628,180026,3075.9749999999985,49729.719999999994
LAS VARILLAS,2021,11,2021-11-01,4730,184756,3185.269999999997,52914.98999999999
LAS VARILLAS,2021,12,2021-12-01,8623,193379,2300.1900000000023,55215.17999999999
LAS VARILLAS,2022,1,2022-01-01,31804,31804,2074.447499999999,2074.447499999999
LAS VARILLAS,2022,2,2022-02-01,3437,35241,1074.1784999999998,3148.6259999999984
LAS VARILLAS,2022,3,2022-03-01,8311,43552,641.1195,3789.745499999998
LAS VARILLAS,2022,4,2022-04-01,11392,54944,1757.8515000000002,5547.596999999998
LAS VARILLAS,2022,5,2022-05-01,7093,62037,1378.6899999999998,6926.2869999999975
LAS VARILLAS,2022,6,2022-06-01,5929,67966,660.9095,7587.196499999997
LAS VARILLAS,2022,7,2022-07-01,6590,74556,3130.8824999999997,10718.078999999998
LAS VARILLAS,2022,8,2022-08-01,6872,81428,3687.857999999999,14405.936999999996
LAS VARILLAS,2022,9,2022-09-01,12043,93471,1410.2389999999991,15816.175999999996
LAS VARILLAS,2022,10,2022-10-01,2976,96447,3363.6005000000005,19179.776499999996
LAS VARILLAS,2022,11,2022-11-01,4895,101342,3013.6705,22193.446999999996
LAS VARILLAS,2022,12,2022-12-01,3341,104683,1611.0985000000005,23804.545499999997
LAS VARILLAS,2023,1,2023-01-01,11871,11871,45.56,45.56
LAS VARILLAS,2023,2,2023-02-01,415,12286,0,45.56
LAS VARILLAS,2023,3,2023-03-01,826,13112,8.25,53.81
LAS VARILLAS,2023,4,2023-04-01,2277,15389,1811.66,1865.47
LAS VARILLAS,2023,5,2023-05-01,7470,22859,1909.8200000000002,3775.29
LAS VARILLAS,2023,6,2023-06-01,8556,31415,4132.9800000000005,7908.27
LAS VARILLAS,2023,7,2023-07-01,14960,46375,6805.82,14714.09
LAS VARILLAS,2023,8,2023-08-01,15009,61384,5574.3099999999995,20288.4
LAS VARILLAS,2023,9,2023-09-01,7391,68775,1089.36,21377.760000000002
LAS VARILLAS,2023,10,2023-10-01,1124,69899,1812.35,23190.11
LAS VARILLAS,2023,11,2023-11-01,5706,75605,4862.41,28052.52
LAS VARILLAS,2023,12,2023-12-01,3080,78685,1436.95,29489.47
LAS VARILLAS,2024,1,2024-01-01,26445,26445,3464.85,3464.85
LAS VARILLAS,2024,2,2024-02-01,4698,31143,1562.72,5027.57
LAS VARILLAS,2024,3,2024-03-01,8700,39843,630.98,5658.549999999999
LAS VARILLAS,2024,4,2024-04-01,5717,45560,4825.280000000001,10483.83
LAS VARILLAS,2024,5,2024-05-01,6607,52167,4899.74,15383.57
LAS VARILLAS,2024,6,2024-06-01,8512,60679,5612.41,20995.98
LAS VARILLAS,2024,7,2024-07-01,12707,73386,3828.19,24824.17
LAS VARILLAS,2024,8,2024-08-01,135,73521,1495.33,26319.5
LAS VARILLAS,2024,9,2024-09-01,4542,78063,3229.24,29548.739999999998
LAS VARILLAS,2024,10,2024-10-01,1538,79601,895.5,30444.239999999998
LAS VARILLAS,2024,11,2024-11-01,4809,84410,4741.77,35186.009999999995
LAS VARILLAS,2024,12,2024-12-01,6445,90855,6112.98,41298.98999999999
LAS VARILLAS,2025,1,2025-01-01,26502.480000000003,26502.480000000003,3007.02,3007.02
LAS VARILLAS,2025,2,2025-02-01,12473.481999999996,38975.962,4881.709999999999,7888.73
LAS VARILLAS,2025,3,2025-03-01,15560.934999999998,54536.897,2018.0200000000004,9906.75
LAS VARILLAS,2025,4,2025-04-01,35683.103,90220,8559.11,18465.86
LAS VARILLAS,2025,5,2025-05-01,25779.349000000002,115999.349,7602.27,26068.13
LAS VARILLAS,2025,6,2025-06-01,36693.28200000005,152692.63100000005,5679.630000000001,31747.760000000002
LAS VARILLAS,2025,7,2025-07-01,17341.09599999999,170033.72700000004,5276.1500000000015,37023.91
LAS VARILLAS,2025,8,2025-08-01,15292.847000000038,185326.57400000008,4474.730000000003,41498.64000000001
LAS VARILLAS,2025,9,2025-09-01,19450.985999999917,204777.56,4084.389999999992,45583.03
LAS VARILLAS,2025,10,2025-10-01,15129.823000000004,219907.383,5688.110000000008,51271.14000000001
PIQUETE CABADO,2017,1,2017-01-01,41001,41001,0,0
PIQUETE CABADO,2017,2,2017-02-01,4835,45836,0,0
PIQUETE CABADO,2017,3,2017-03-01,17623.22,63459.22,0,0
PIQUETE CABADO,2017,4,2017-04-01,18863.273,82322.493,5449.46,5449.46
PIQUETE CABADO,2017,5,2017-05-01,17335.009999999995,99657.503,28016.270000000004,33465.73
PIQUETE CABADO,2017,6,2017-06-01,30736.309999999998,130393.813,26050.18,59515.91
PIQUETE CABADO,2017,7,2017-07-01,10571.133000000002,140964.946,3239.8600000000006,62755.770000000004
PIQUETE CABADO,2017,8,2017-08-01,7827.049999999988,148791.99599999998,2386.0599999999977,65141.83
PIQUETE CABADO,2017,9,2017-09-01,6558,155349.99599999998,614.3999999999942,65756.23
PIQUETE CABADO,2017,10,2017-10-01,1274.9650000000256,156624.961,365,66121.23
PIQUETE CABADO,2017,11,2017-11-01,2049,158673.961,461.24000000000524,66582.47
PIQUETE CABADO,2017,12,2017-12-01,1601.9219999999914,160275.883,183.10000000000582,66765.57
PIQUETE CABADO,2018,1,2018-01-01,41005.358,41005.358,730.06,730.06
PIQUETE CABADO,2018,2,2018-02-01,8050.565000000002,49055.923,1153.48,1883.54
PIQUETE CABADO,2018,3,2018-03-01,0,49055.923,0,1883.54
PIQUETE CABADO,2018,4,2018-04-01,4311,53366.923,6526.000000000001,8409.54
PIQUETE CABADO,2018,5,2018-05-01,26821.000000000007,80187.92300000001,19604.35,28013.89
PIQUETE CABADO,2018,6,2018-06-01,-4945,75242.92300000001,1619.1100000000006,29633
PIQUETE CABADO,2018,7,2018-07-01,19101,94343.92300000001,1704,31337
PIQUETE CABADO,2018,8,2018-08-01,2900,97243.92300000001,7914,39251
PIQUETE CABADO,2018,9,2018-09-01,7055,104298.92300000001,4758,44009
PIQUETE CABADO,2018,10,2018-10-01,1701,105999.92300000001,4523.6600000000035,48532.66
PIQUETE CABADO,2018,11,2018-11-01,3569,109568.92300000001,3269.540000000001,51802.200000000004
PIQUETE CABADO,2018,12,2018-12-01,2556,112124.92300000001,3857.090000000004,55659.29000000001
PIQUETE CABADO,2019,1,2019-01-01,13830,13830,3695,3695
PIQUETE CABADO,2019,2,2019-02-01,13625,27455,2751.5,6446.5
PIQUETE CABADO,2019,3,2019-03-01,21370,48825,1044,7490.5
PIQUETE CABADO,2019,4,2019-04-01,19152,67977,7190,14680.5
PIQUETE CABADO,2019,5,2019-05-01,40862,108839,18680.309999999998,33360.81
PIQUETE CABADO,2019,6,2019-06-01,30135,138974,4836.229999999996,38197.03999999999
PIQUETE CABADO,2019,7,2019-07-01,15901,154875,2868.480000000003,41065.52
PIQUETE CABADO,2019,8,2019-08-01,10141,165016,5026.209999999999,46091.729999999996
PIQUETE CABADO,2019,9,2019-09-01,5747,170763,6135.860000000001,52227.59
PIQUETE CABADO,2019,10,2019-10-01,10585,181348,6933.9000000000015,59161.49
PIQUETE CABADO,2019,11,2019-11-01,9921.98999999999,191269.99,6652.379999999997,65813.87
PIQUETE CABADO,2019,12,2019-12-01,8318.01000000001,199588,6608.770000000004,72422.64
PIQUETE CABADO,2020,1,2020-01-01,85534,85534,901.61,901.61
PIQUETE CABADO,2020,2,2020-02-01,1116,86650,0,901.61
PIQUETE CABADO,2020,3,2020-03-01,3048,89698,0,901.61
PIQUETE CABADO,2020,4,2020-04-01,11577,101275,4948.21,5849.82
PIQUETE CABADO,2020,5,2020-05-01,14880,116155,12845.62734,18695.44734
PIQUETE CABADO,2020,6,2020-06-01,24912,141067,6969.590000000004,25665.037340000003
PIQUETE CABADO,2020,7,2020-07-01,24726,165793,3834.7499999999964,29499.78734
PIQUETE CABADO,2020,8,2020-08-01,9597,175390,3823.6150000000016,33323.40234
PIQUETE CABADO,2020,9,2020-09-01,11643,187033,5617.565000000002,38940.96734
PIQUETE CABADO,2020,10,2020-10-01,2660,189693,5564.470000000001,44505.437340000004
PIQUETE CABADO,2020,11,2020-11-01,2909,192602,1528.3499999999985,46033.78734
PIQUETE CABADO,2020,12,2020-12-01,1567,194169,228.4800000000032,46262.267340000006
PIQUETE CABADO,2021,1,2021-01-01,76501,76501,2223.4799999999996,2223.4799999999996
PIQUETE CABADO,2021,2,2021-02-01,9398,85899,77.13000000000011,2300.6099999999997
PIQUETE CABADO,2021,3,2021-03-01,10669,96568,297.8699999999999,2598.4799999999996
PIQUETE CABADO,2021,4,2021-04-01,25013,121581,4791.73,7390.209999999999
PIQUETE CABADO,2021,5,2021-05-01,15572,137153,15451.389999999992,22841.59999999999
PIQUETE CABADO,2021,6,2021-06-01,12917,150070,2144.7000000000007,24986.299999999992
PIQUETE CABADO,2021,7,2021-07-01,4219,154289,4128.220000000001,29114.519999999993
PIQUETE CABADO,2021,8,2021-08-01,7479,161768,2648.75,31763.269999999993
PIQUETE CABADO,2021,9,2021-09-01,7744,169512,4735.119999999999,36498.38999999999
PIQUETE CABADO,2021,10,2021-10-01,11572,181084,6636.489999999998,43134.87999999999
PIQUETE CABADO,2021,11,2021-11-01,5058,186142,7394.330000000002,50529.20999999999
PIQUETE CABADO,2021,12,2021-12-01,1648,187790,2324.050000000003,52853.259999999995
PIQUETE CABADO,2022,1,2022-01-01,55202,55202,3465.7265,3465.7265
PIQUETE CABADO,2022,2,2022-02-01,13542,68744,3833.3594999999996,7299.085999999999
PIQUETE CABADO,2022,3,2022-03-01,26878,95622,558.83,7857.915999999999
PIQUETE CABADO,2022,4,2022-04-01,23222,118844,1916.7219999999993,9774.637999999999
PIQUETE CABADO,2022,5,2022-05-01,10905,129749,13975.644499999973,23750.282499999972
PIQUETE CABADO,2022,6,2022-06-01,14639,144388,3223.8844999999988,26974.166999999972
PIQUETE CABADO,2022,7,2022-07-01,9859,154247,8922.412999999997,35896.57999999997
PIQUETE CABADO,2022,8,2022-08-01,5159,159406,4645.385500000001,40541.96549999998
PIQUETE CABADO,2022,9,2022-09-01,11877,171283,4836.219499999997,45378.184999999976
PIQUETE CABADO,2022,10,2022-10-01,4902,176185,9476.621500000003,54854.80649999998
PIQUETE CABADO,2022,11,2022-11-01,2737,178922,7050.8315,61905.63799999998
PIQUETE CABADO,2022,12,2022-12-01,597,179519,2805.4729999999995,64711.110999999975
PIQUETE CABADO,2023,1,2023-01-01,19123,19123,3936.12,3936.12
PIQUETE CABADO,2023,2,2023-02-01,4265,23388,2744.1099999999997,6680.23
PIQUETE CABADO,2023,3,2023-03-01,9708,33096,59.47,6739.7
PIQUETE CABADO,2023,4,2023-04-01,10726,43822,120.24,6859.94
PIQUETE CABADO,2023,5,2023-05-01,16246,60068,10957.26,17817.2
PIQUETE CABADO,2023,6,2023-06-01,14364,74432,7909.53,25726.73
PIQUETE CABADO,2023,7,2023-07-01,20861,95293,13639.02,39365.75
PIQUETE CABADO,2023,8,2023-08-01,34365,129658,13419.36,52785.11
PIQUETE CABADO,2023,9,2023-09-01,13438,143096,10322.82,63107.93
PIQUETE CABADO,2023,10,2023-10-01,1905,145001,5629.01,68736.94
PIQUETE CABADO,2023,11,2023-11-01,9483,154484,7256.6500000000005,75993.59
PIQUETE CABADO,2023,12,2023-12-01,4296,158780,3761.31,79754.9
PIQUETE CABADO,2024,1,2024-01-01,38901,38901,2961.77,2961.77
PIQUETE CABADO,2024,2,2024-02-01,5829,44730,1997.8,4959.57
PIQUETE CABADO,2024,3,2024-03-01,18698,63428,1715.33,6674.9
PIQUETE CABADO,2024,4,2024-04-01,17762,81190,2352.4700000000003,9027.369999999999
PIQUETE CABADO,2024,5,2024-05-01,16061,97251,19291.89,28319.26
PIQUETE CABADO,2024,6,2024-06-01,19777,117028,13159.050000000001,41478.31
PIQUETE CABADO,2024,7,2024-07-01,23816,140844,12662.88,54141.189999999995
PIQUETE CABADO,2024,8,2024-08-01,17746,158590,9219.1,63360.28999999999
PIQUETE CABADO,2024,9,2024-09-01,9650,168240,4195.53,67555.81999999999
PIQUETE CABADO,2024,10,2024-10-01,5243,173483,6107.06,73662.87999999999
PIQUETE CABADO,2024,11,2024-11-01,5068,178551,6003.460000000001,79666.34
PIQUETE CABADO,2024,12,2024-12-01,3311,181862,4653.5199999999995,84319.86
PIQUETE CABADO,2025,1,2025-01-01,13484.224999999999,13484.224999999999,4937.24,4937.24
PIQUETE CABADO,2025,2,2025-02-01,2343.0390000000007,15827.264,3228.74,8165.98
PIQUETE CABADO,2025,3,2025-03-01,5988.004000000001,21815.268,2590.17,10756.15
PIQUETE CABADO,2025,4,2025-04-01,30464.732,52280,4640.92,15397.07
PIQUETE CABADO,2025,5,2025-05-01,22438.62400000001,74718.62400000001,15255.010000000002,30652.08
PIQUETE CABADO,2025,6,2025-06-01,38702.77199999998,113421.396,15755.370000000003,46407.450000000004
PIQUETE CABADO,2025,7,2025-07-01,18595.22599999998,132016.62199999997,11924.36,58331.810000000005
PIQUETE CABADO,2025,8,2025-08-01,11789.994000000006,143806.61599999998,5167.30999999999,63499.119999999995
PIQUETE CABADO,2025,9,2025-09-01,18095.714000000007,161902.33,4003.5100000000093,67502.63
PIQUETE CABADO,2025,10,2025-10-01,22266.858000000007,184169.188,9113.339999999997,76615.97
ALVEAR,2017,1,2017-01-01,0,0,0,0
ALVEAR,2017,2,2017-02-01,0,0,0,0
ALVEAR,2017,3,2017-03-01,0,0,0,0
ALVEAR,2017,4,2017-04-01,0,0,0,0
ALVEAR,2017,5,2017-05-01,0,0,0,0
ALVEAR,2017,6,2017-06-01,0,0,0,0
ALVEAR,2017,7,2017-07-01,0,0,0,0
ALVEAR,2017,8,2017-08-01,0,0,0,0
ALVEAR,2017,9,2017-09-01,0,0,0,0
ALVEAR,2017,10,2017-10-01,0,0,0,0
ALVEAR,2017,11,2017-11-01,0,0,0,0
ALVEAR,2017,12,2017-12-01,0,0,0,0
ALVEAR,2018,1,2018-01-01,5254.4,5254.4,3693.2,3693.2
ALVEAR,2018,2,2018-02-01,5254.4,10508.8,3693.2,7386.4
ALVEAR,2018,3,2018-03-01,5254.4,15763.199999999999,3693.199999999999,11079.599999999999
ALVEAR,2018,4,2018-04-01,5254.4,21017.6,3693.2000000000007,14772.8
ALVEAR,2018,5,2018-05-01,5254.4000000000015,26272,1728.5499999999993,16501.35
ALVEAR,2018,6,2018-06-01,1199,27471,3082.8199999999997,19584.17
ALVEAR,2018,7,2018-07-01,3101,30572,2974.220000000001,22558.39
ALVEAR,2018,8,2018-08-01,3394,33966,5058,27616.39
ALVEAR,2018,9,2018-09-01,831,34797,1696.6899999999987,29313.079999999998
ALVEAR,2018,10,2018-10-01,381,35178,3558.0000000000036,32871.08
ALVEAR,2018,11,2018-11-01,540,35718,2106.5399999999936,34977.619999999995
ALVEAR,2018,12,2018-12-01,2968,38686,3905.199999999997,38882.81999999999
ALVEAR,2019,1,2019-01-01,11463,11463,1802.615,1802.615
ALVEAR,2019,2,2019-02-01,4877,16340,732.3700000000001,2534.985
ALVEAR,2019,3,2019-03-01,1896,18236,2158.4700000000016,4693.455000000002
ALVEAR,2019,4,2019-04-01,19532,37768,15333.50499999999,20026.959999999992
ALVEAR,2019,5,2019-05-01,17248,55016,10499.289999999994,30526.249999999985
ALVEAR,2019,6,2019-06-01,5372,60388,3585.1299999999974,34111.37999999998
ALVEAR,2019,7,2019-07-01,9885,70273,9891.370000000003,44002.749999999985
ALVEAR,2019,8,2019-08-01,7238,77511,6078.0999999999985,50080.849999999984
ALVEAR,2019,9,2019-09-01,2385,79896,6442.260000000002,56523.109999999986
ALVEAR,2019,10,2019-10-01,1292,81188,1961.9199999999983,58485.029999999984
ALVEAR,2019,11,2019-11-01,2897,84085,6168.315000000002,64653.34499999999
ALVEAR,2019,12,2019-12-01,6912,90997,8609.259999999995,73262.60499999998
ALVEAR,2020,1,2020-01-01,22144,22144,600.51,600.51
ALVEAR,2020,2,2020-02-01,3421,25565,115.07000000000005,715.58
ALVEAR,2020,3,2020-03-01,2978,28543,5274.23,5989.8099999999995
ALVEAR,2020,4,2020-04-01,18383,46926,14946.115,20935.925
ALVEAR,2020,5,2020-05-01,8355,55281,5780.149939999999,26716.07494
ALVEAR,2020,6,2020-06-01,3817,59098,7627.394999999997,34343.469939999995
ALVEAR,2020,7,2020-07-01,7714,66812,8465.270000000004,42808.73994
ALVEAR,2020,8,2020-08-01,3842,70654,10101.599999999999,52910.33994
ALVEAR,2020,9,2020-09-01,2958,73612,203.62000000000262,53113.95994
ALVEAR,2020,10,2020-10-01,1387,74999,6145.540000000001,59259.49994
ALVEAR,2020,11,2020-11-01,980,75979,271.4599999999991,59530.95994
ALVEAR,2020,12,2020-12-01,3615,79594,4063.2750000000015,63594.23494
ALVEAR,2021,1,2021-01-01,17903,17903,340.37000000000006,340.37000000000006
ALVEAR,2021,2,2021-02-01,908,18811,867.3900000000001,1207.7600000000002
ALVEAR,2021,3,2021-03-01,2860,21671,4223.46,5431.22
ALVEAR,2021,4,2021-04-01,16012,37683,13390.105,18821.325
ALVEAR,2021,5,2021-05-01,9587,47270,7225.570000000003,26046.895000000004
ALVEAR,2021,6,2021-06-01,3716,50986,6123.555,32170.450000000004
ALVEAR,2021,7,2021-07-01,6366,57352,9046.579999999994,41217.03
ALVEAR,2021,8,2021-08-01,3700,61052,9236.470000000001,50453.5
ALVEAR,2021,9,2021-09-01,1569,62621,4606.9000000000015,55060.4
ALVEAR,2021,10,2021-10-01,1590,64211,934.4049999999988,55994.805
ALVEAR,2021,11,2021-11-01,892,65103,0,55994.805
ALVEAR,2021,12,2021-12-01,1193,66296,0,55994.805
ALVEAR,2022,1,2022-01-01,9924,9924,0,0
ALVEAR,2022,2,2022-02-01,1061,10985,0,0
ALVEAR,2022,3,2022-03-01,1761,12746,0,0
ALVEAR,2022,4,2022-04-01,4951,17697,0,0
ALVEAR,2022,5,2022-05-01,3362,21059,0,0
ALVEAR,2022,6,2022-06-01,4362,25421,0,0
ALVEAR,2022,7,2022-07-01,1487,26908,0,0
ALVEAR,2022,8,2022-08-01,3370,30278,0,0
ALVEAR,2022,9,2022-09-01,6168,36446,0,0
ALVEAR,2022,10,2022-10-01,961,37407,0,0
ALVEAR,2022,11,2022-11-01,1492,38899,0,0
ALVEAR,2022,12,2022-12-01,3445,42344,0,0
ALVEAR,2023,1,2023-01-01,1814,1814,0,0
ALVEAR,2023,2,2023-02-01,2143,3957,0,0
ALVEAR,2023,3,2023-03-01,6038,9995,0,0
ALVEAR,2023,4,2023-04-01,3925,13920,0,0
ALVEAR,2023,5,2023-05-01,3113,17033,0,0
ALVEAR,2023,6,2023-06-01,1202,18235,0,0
ALVEAR,2023,7,2023-07-01,1473,19708,0,0
ALVEAR,2023,8,2023-08-01,3506,23214,0,0
ALVEAR,2023,9,2023-09-01,2002,25216,0,0
ALVEAR,2023,10,2023-10-01,728,25944,0,0
ALVEAR,2023,11,2023-11-01,1433,27377,0,0
ALVEAR,2023,12,2023-12-01,1190,28567,0,0
ALVEAR,2024,1,2024-01-01,4982,4982,0,0
ALVEAR,2024,2,2024-02-01,5240,10222,633.59,633.59
ALVEAR,2024,3,2024-03-01,5410,15632,3296.78,3930.3700000000003
ALVEAR,2024,4,2024-04-01,5653,21285,469.09,4399.46
ALVEAR,2024,5,2024-05-01,5247,26532,650.27,5049.73
ALVEAR,2024,6,2024-06-01,8579,35111,1592.35,6642.08
ALVEAR,2024,7,2024-07-01,6300,41411,1164.28,7806.36
ALVEAR,2024,8,2024-08-01,4285,45696,1528.44,9334.8
ALVEAR,2024,9,2024-09-01,2184,47880,59.19,9393.99
ALVEAR,2024,10,2024-10-01,4778,52658,0,9393.99
ALVEAR,2024,11,2024-11-01,4139,56797,152.91,9546.9
ALVEAR,2024,12,2024-12-01,6502,63299,3405.54,12952.439999999999
ALVEAR,2025,1,2025-01-01,12053.611,12053.611,387.51,387.51
ALVEAR,2025,2,2025-02-01,7301.357000000004,19354.968000000004,265.26,652.77
ALVEAR,2025,3,2025-03-01,9495.518,28850.486000000004,6473.3099999999995,7126.08
ALVEAR,2025,4,2025-04-01,9179.513999999996,38030,6308.5,13434.58
ALVEAR,2025,5,2025-05-01,10566.180000000008,48596.18000000001,7545.960000000001,20980.54
ALVEAR,2025,6,2025-06-01,8972.735,57568.91500000001,6327.540000000001,27308.08
ALVEAR,2025,7,2025-07-01,8978.016999999993,66546.932,4607.1500000000015,31915.230000000003
ALVEAR,2025,8,2025-08-01,12291.181000000011,78838.11300000001,2063.519999999997,33978.75
ALVEAR,2025,9,2025-09-01,3837.9049999999843,82676.018,722.4700000000012,34701.22
ALVEAR,2025,10,2025-10-01,4035.984999999986,86712.00299999998,1489.449999999997,36190.67
BALCARCE,2017,1,2017-01-01,0,0,0,0
BALCARCE,2017,2,2017-02-01,0,0,0,0
BALCARCE,2017,3,2017-03-01,0,0,0,0
BALCARCE,2017,4,2017-04-01,0,0,0,0
BALCARCE,2017,5,2017-05-01,0,0,0,0
BALCARCE,2017,6,2017-06-01,0,0,0,0
BALCARCE,2017,7,2017-07-01,0,0,0,0
BALCARCE,2017,8,2017-08-01,0,0,0,0
BALCARCE,2017,9,2017-09-01,0,0,0,0
BALCARCE,2017,10,2017-10-01,0,0,0,0
BALCARCE,2017,11,2017-11-01,0,0,0,0
BALCARCE,2017,12,2017-12-01,0,0,0,0
BALCARCE,2018,1,2018-01-01,11197,11197,7043.6,7043.6
BALCARCE,2018,2,2018-02-01,11197,22394,7043.6,14087.2
BALCARCE,2018,3,2018-03-01,11197,33591,7043.600000000002,21130.800000000003
BALCARCE,2018,4,2018-04-01,11197,44788,7043.5999999999985,28174.4
BALCARCE,2018,5,2018-05-01,11197,55985,-3564.4000000000015,24610
BALCARCE,2018,6,2018-06-01,1569,57554,9555,34165
BALCARCE,2018,7,2018-07-01,11720,69274,12072,46237
BALCARCE,2018,8,2018-08-01,2985,72259,9935,56172
BALCARCE,2018,9,2018-09-01,4261,76520,6216.5,62388.5
BALCARCE,2018,10,2018-10-01,3697,80217,3645.220000000001,66033.72
BALCARCE,2018,11,2018-11-01,390,80607,42.19000000000233,66075.91
BALCARCE,2018,12,2018-12-01,2454,83061,4111.970000000001,70187.88
BALCARCE,2019,1,2019-01-01,38305,38305,10772.826500000003,10772.826500000003
BALCARCE,2019,2,2019-02-01,2225,40530,3452.8139999999985,14225.640500000001
BALCARCE,2019,3,2019-03-01,7131,47661,4978.657999999999,19204.2985
BALCARCE,2019,4,2019-04-01,9578,57239,11244.355500000001,30448.654000000002
BALCARCE,2019,5,2019-05-01,16901,74140,14753.889999999992,45202.543999999994
BALCARCE,2019,6,2019-06-01,9740,83880,8304.798499999997,53507.34249999999
BALCARCE,2019,7,2019-07-01,3931,87811,7469.140500000001,60976.48299999999
BALCARCE,2019,8,2019-08-01,11021,98832,5737.797999999995,66714.28099999999
BALCARCE,2019,9,2019-09-01,6049,104881,6844.649999999994,73558.93099999998
BALCARCE,2019,10,2019-10-01,1988,106869,2557.7899999999936,76116.72099999998
BALCARCE,2019,11,2019-11-01,-4885.000000000015,101983.99999999999,200.72000000000116,76317.44099999998
BALCARCE,2019,12,2019-12-01,7567.000000000015,109551,3002.800000000003,79320.24099999998
BALCARCE,2020,1,2020-01-01,35571,35571,10529.855,10529.855
BALCARCE,2020,2,2020-02-01,1093,36664,57.81999999999971,10587.675
BALCARCE,2020,3,2020-03-01,5275,41939,3865.5895,14453.2645
BALCARCE,2020,4,2020-04-01,12119,54058,5561.1,20014.3645
BALCARCE,2020,5,2020-05-01,13697,67755,6956.8001,26971.1646
BALCARCE,2020,6,2020-06-01,8345,76100,10108.735000000004,37079.899600000004
BALCARCE,2020,7,2020-07-01,9569,85669,8426.989999999998,45506.8896
BALCARCE,2020,8,2020-08-01,6063,91732,7896.889999999999,53403.7796
BALCARCE,2020,9,2020-09-01,10623,102355,4150.739999999998,57554.5196
BALCARCE,2020,10,2020-10-01,1246,103601,983.4199999999983,58537.9396
BALCARCE,2020,11,2020-11-01,324,103925,3535.9000000000015,62073.8396
BALCARCE,2020,12,2020-12-01,2090,106015,9375.920000000006,71449.7596
BALCARCE,2021,1,2021-01-01,24494,24494,5233.689999999999,5233.689999999999
BALCARCE,2021,2,2021-02-01,4321,28815,5869.759999999998,11103.449999999997
BALCARCE,2021,3,2021-03-01,6123,34938,6369.700000000001,17473.149999999998
BALCARCE,2021,4,2021-04-01,9153,44091,5173.704999999998,22646.854999999996
BALCARCE,2021,5,2021-05-01,8325,52416,6687.43,29334.284999999996
BALCARCE,2021,6,2021-06-01,10207,62623,10858.830000000002,40193.115
BALCARCE,2021,7,2021-07-01,5219,67842,7526.07,47719.185
BALCARCE,2021,8,2021-08-01,5313,73155,9474.920000000006,57194.105
BALCARCE,2021,9,2021-09-01,5776,78931,6526.470000000001,63720.575000000004
BALCARCE,2021,10,2021-10-01,2524,81455,499.0699999999997,64219.645000000004
BALCARCE,2021,11,2021-11-01,2144,83599,0,64219.645000000004
BALCARCE,2021,12,2021-12-01,10269,93868,0,64219.645000000004
BALCARCE,2022,1,2022-01-01,11749,11749,0,0
BALCARCE,2022,2,2022-02-01,1965,13714,0,0
BALCARCE,2022,3,2022-03-01,5919,19633,0,0
BALCARCE,2022,4,2022-04-01,5779,25412,0,0
BALCARCE,2022,5,2022-05-01,3714,29126,0,0
BALCARCE,2022,6,2022-06-01,5709,34835,0,0
BALCARCE,2022,7,2022-07-01,3024,37859,0,0
BALCARCE,2022,8,2022-08-01,2732,40591,0,0
BALCARCE,2022,9,2022-09-01,4212,44803,0,0
BALCARCE,2022,10,2022-10-01,928,45731,0,0
BALCARCE,2022,11,2022-11-01,109,45840,0,0
BALCARCE,2022,12,2022-12-01,5769,51609,0,0
BALCARCE,2023,1,2023-01-01,2940,2940,0,0
BALCARCE,2023,2,2023-02-01,636,3576,0,0
BALCARCE,2023,3,2023-03-01,7717,11293,0,0
BALCARCE,2023,4,2023-04-01,858,12151,0,0
BALCARCE,2023,5,2023-05-01,2174,14325,0,0
BALCARCE,2023,6,2023-06-01,2308,16633,0,0
BALCARCE,2023,7,2023-07-01,4214,20847,0,0
BALCARCE,2023,8,2023-08-01,6704,27551,0,0
BALCARCE,2023,9,2023-09-01,1886,29437,0,0
BALCARCE,2023,10,2023-10-01,4992,34429,0,0
BALCARCE,2023,11,2023-11-01,900,35329,0,0
BALCARCE,2023,12,2023-12-01,3943,39272,0,0
BALCARCE,2024,1,2024-01-01,15641,15641,0,0
BALCARCE,2024,2,2024-02-01,7348,22989,31.72,31.72
BALCARCE,2024,3,2024-03-01,6845,29834,2811.72,2843.4399999999996
BALCARCE,2024,4,2024-04-01,8812,38646,1596.07,4439.509999999999
BALCARCE,2024,5,2024-05-01,17008,55654,11683.02,16122.529999999999
BALCARCE,2024,6,2024-06-01,9217,64871,7668.18,23790.71
BALCARCE,2024,7,2024-07-01,16684,81555,21367.59,45158.3
BALCARCE,2024,8,2024-08-01,13125,94680,12072.84,57231.14
BALCARCE,2024,9,2024-09-01,5374,100054,5688.17,62919.31
BALCARCE,2024,10,2024-10-01,3084,103138,4016.44,66935.75
BALCARCE,2024,11,2024-11-01,261,103399,5044.22,71979.97
BALCARCE,2024,12,2024-12-01,15690,119089,10930.71,82910.68
BALCARCE,2025,1,2025-01-01,41203.746,41203.746,8179.33,8179.33
BALCARCE,2025,2,2025-02-01,15238.427000000003,56442.173,9354.790000000003,17534.120000000003
BALCARCE,2025,3,2025-03-01,5155.863000000005,61598.03600000001,6879.110000000001,24413.230000000003
BALCARCE,2025,4,2025-04-01,12724.963999999993,74323,4103.049999999999,28516.280000000002
BALCARCE,2025,5,2025-05-01,13711.178000000014,88034.17800000001,9895.52,38411.8
BALCARCE,2025,6,2025-06-01,16865.12599999999,104899.304,14597.25,53009.05
BALCARCE,2025,7,2025-07-01,10064.69200000001,114963.99600000001,11563.660000000003,64572.71000000001
BALCARCE,2025,8,2025-08-01,8566.731,123530.72700000001,17499.910000000003,82072.62000000001
BALCARCE,2025,9,2025-09-01,6977.412999999986,130508.14,10361.12999999999,92433.75
BALCARCE,2025,10,2025-10-01,7036.705000000002,137544.845,6240.60000000002,98674.35000000002
GRANADA,2017,1,2017-01-01,0,0,0,0
GRANADA,2017,2,2017-02-01,0,0,0,0
GRANADA,2017,3,2017-03-01,0,0,0,0
GRANADA,2017,4,2017-04-01,0,0,0,0
GRANADA,2017,5,2017-05-01,0,0,0,0
GRANADA,2017,6,2017-06-01,0,0,0,0
GRANADA,2017,7,2017-07-01,0,0,0,0
GRANADA,2017,8,2017-08-01,0,0,0,0
GRANADA,2017,9,2017-09-01,0,0,0,0
GRANADA,2017,10,2017-10-01,0,0,0,0
GRANADA,2017,11,2017-11-01,0,0,0,0
GRANADA,2017,12,2017-12-01,0,0,0,0
GRANADA,2018,1,2018-01-01,9001,9001,6150.6,6150.6
GRANADA,2018,2,2018-02-01,9001,18002,6150.6,12301.2
GRANADA,2018,3,2018-03-01,9001,27003,6150.600000000002,18451.800000000003
GRANADA,2018,4,2018-04-01,9001,36004,6150.5999999999985,24602.4
GRANADA,2018,5,2018-05-01,9001,45005,18658.699999999997,43261.1
GRANADA,2018,6,2018-06-01,5247,50252,10337.5,53598.6
GRANADA,2018,7,2018-07-01,9687,59939,4113.5,57712.1
GRANADA,2018,8,2018-08-01,1878,61817,1450,59162.1
GRANADA,2018,9,2018-09-01,2096,63913,1054.1299999999974,60216.229999999996
GRANADA,2018,10,2018-10-01,638,64551,474.77999999999884,60691.009999999995
GRANADA,2018,11,2018-11-01,816,65367,2390.290000000001,63081.299999999996
GRANADA,2018,12,2018-12-01,6567,71934,5658.93,68740.23
GRANADA,2019,1,2019-01-01,12564,12564,3022.2694999999994,3022.2694999999994
GRANADA,2019,2,2019-02-01,3989,16553,539.5999999999999,3561.8694999999993
GRANADA,2019,3,2019-03-01,14151,30704,9238.560000000003,12800.429500000002
GRANADA,2019,4,2019-04-01,23677,54381,13414.155000000002,26214.584500000004
GRANADA,2019,5,2019-05-01,12758,67139,7167.415000000001,33381.999500000005
GRANADA,2019,6,2019-06-01,3889,71028,3774.969999999994,37156.9695
GRANADA,2019,7,2019-07-01,7343,78371,3656.3199999999997,40813.2895
GRANADA,2019,8,2019-08-01,7341,85712,3250.409999999996,44063.699499999995
GRANADA,2019,9,2019-09-01,3878,89590,1413.1399999999994,45476.839499999995
GRANADA,2019,10,2019-10-01,1650,91240,265.5899999999965,45742.42949999999
GRANADA,2019,11,2019-11-01,-5051.000000000015,86188.99999999999,832.0149999999994,46574.44449999999
GRANADA,2019,12,2019-12-01,12673.000000000015,98862,9423.739999999998,55998.18449999999
GRANADA,2020,1,2020-01-01,19756,19756,2300.6325,2300.6325
GRANADA,2020,2,2020-02-01,384,20140,4.110000000000127,2304.7425000000003
GRANADA,2020,3,2020-03-01,4988,25128,3789.835,6094.5775
GRANADA,2020,4,2020-04-01,24226,49354,14330.465,20425.0425
GRANADA,2020,5,2020-05-01,14073,63427,7784.855029999999,28209.89753
GRANADA,2020,6,2020-06-01,12703,76130,5238.170000000002,33448.06753
GRANADA,2020,7,2020-07-01,4297,80427,4143.555,37591.62253
GRANADA,2020,8,2020-08-01,4736,85163,1186.9150000000009,38778.53753
GRANADA,2020,9,2020-09-01,3788,88951,1091.5149999999994,39870.05253
GRANADA,2020,10,2020-10-01,2952,91903,0,39870.05253
GRANADA,2020,11,2020-11-01,5768,97671,937.7560000000012,40807.80853
GRANADA,2020,12,2020-12-01,8604,106275,6316.989999999998,47124.79853
GRANADA,2021,1,2021-01-01,23289,23289,0,0
GRANADA,2021,2,2021-02-01,3161,26450,5960.939999999992,5960.939999999992
GRANADA,2021,3,2021-03-01,5085,31535,2159.7200000000003,8120.659999999993
GRANADA,2021,4,2021-04-01,15737,47272,9739.835,17860.49499999999
GRANADA,2021,5,2021-05-01,14978,62250,7301.029999999999,25161.52499999999
GRANADA,2021,6,2021-06-01,7105,69355,5243.119999999999,30404.64499999999
GRANADA,2021,7,2021-07-01,5864,75219,1618.6899999999987,32023.33499999999
GRANADA,2021,8,2021-08-01,3356,78575,918.5399999999972,32941.874999999985
GRANADA,2021,9,2021-09-01,670,79245,1041.5999999999985,33983.474999999984
GRANADA,2021,10,2021-10-01,2071,81316,1217.300000000003,35200.77499999999
GRANADA,2021,11,2021-11-01,1889,83205,193.3550000000032,35394.12999999999
GRANADA,2021,12,2021-12-01,5864,89069,1720.4700000000012,37114.59999999999
GRANADA,2022,1,2022-01-01,9055,9055,946.5485000000002,946.5485000000002
GRANADA,2022,2,2022-02-01,5950,15005,823.0664999999997,1769.6149999999998
GRANADA,2022,3,2022-03-01,7336,22341,4340.624000000001,6110.2390000000005
GRANADA,2022,4,2022-04-01,16339,38680,6639.4905000000035,12749.729500000005
GRANADA,2022,5,2022-05-01,15962,54642,5664.9659999999985,18414.6955
GRANADA,2022,6,2022-06-01,9210,63852,6228.0555,24642.751000000004
GRANADA,2022,7,2022-07-01,5582,69434,5357.341000000002,30000.092000000004
GRANADA,2022,8,2022-08-01,5788,75222,3080.1409999999996,33080.23300000001
GRANADA,2022,9,2022-09-01,4304,79526,853.9710000000001,33934.204000000005
GRANADA,2022,10,2022-10-01,0,79526,471.46000000000004,34405.664000000004
GRANADA,2022,11,2022-11-01,1837,81363,184.4085,34590.0725
GRANADA,2022,12,2022-12-01,2099,83462,5343.133,39933.205500000004
GRANADA,2023,1,2023-01-01,2472,2472,2204.057999999999,2204.057999999999
GRANADA,2023,2,2023-02-01,1779,4251,1142.57,3346.627999999999
GRANADA,2023,3,2023-03-01,6846,11097,3175.0660000000003,6521.6939999999995
GRANADA,2023,4,2023-04-01,3294,14391,4114.882,10636.576
GRANADA,2023,5,2023-05-01,6383,20774,3427.6,14064.176
GRANADA,2023,6,2023-06-01,2847,23621,3875.658,17939.834
GRANADA,2023,7,2023-07-01,6148,29769,1286.0259999999998,19225.86
GRANADA,2023,8,2023-08-01,1638,31407,1147.594,20373.454
GRANADA,2023,9,2023-09-01,810,32217,270.86,20644.314000000002
GRANADA,2023,10,2023-10-01,232,32449,78.62,20722.934
GRANADA,2023,11,2023-11-01,1592,34041,376.28,21099.214
GRANADA,2023,12,2023-12-01,3413,37454,2887.29,23986.504
GRANADA,2024,1,2024-01-01,5489,5489,892.92,892.92
GRANADA,2024,2,2024-02-01,1274,6763,2149.2,3042.12
GRANADA,2024,3,2024-03-01,5416,12179,4621.47,7663.59
GRANADA,2024,4,2024-04-01,14893,27072,9107.71,16771.3
GRANADA,2024,5,2024-05-01,18629,45701,5653.84,22425.14
GRANADA,2024,6,2024-06-01,6694,52395,4919.06,27344.2
GRANADA,2024,7,2024-07-01,13233,65628,7102.66,34446.86
GRANADA,2024,8,2024-08-01,8067,73695,1392.76,35839.62
GRANADA,2024,9,2024-09-01,7672,81367,5236.07,41075.69
GRANADA,2024,10,2024-10-01,6410,87777,6868.549999999999,47944.240000000005
GRANADA,2024,11,2024-11-01,8189,95966,6019.87,53964.11000000001
GRANADA,2024,12,2024-12-01,9032,104998,3831.6000000000004,57795.71000000001
GRANADA,2025,1,2025-01-01,9086.448,9086.448,308.76,308.76
GRANADA,2025,2,2025-02-01,6639.3499999999985,15725.797999999999,3828.13,4136.89
GRANADA,2025,3,2025-03-01,7790.732,23516.53,3533.51,7670.4000000000005
GRANADA,2025,4,2025-04-01,17396.47,40913,9822.079999999998,17492.48
GRANADA,2025,5,2025-05-01,14922.077999999965,55835.077999999965,9214.279999999999,26706.76
GRANADA,2025,6,2025-06-01,14947.080000000016,70782.15799999998,4742.360000000001,31449.12
GRANADA,2025,7,2025-07-01,9016.033999999985,79798.19199999997,2428.2199999999975,33877.34
GRANADA,2025,8,2025-08-01,4409.929999999993,84208.12199999996,1348.1600000000108,35225.50000000001
GRANADA,2025,9,2025-09-01,3895.2830000000395,88103.405,99.86999999999534,35325.37
GRANADA,2025,10,2025-10-01,1739.6059999999707,89843.01099999997,1666.3499999999985,36991.72
VILLEGAS,2017,1,2017-01-01,0,0,0,0
VILLEGAS,2017,2,2017-02-01,0,0,0,0
VILLEGAS,2017,3,2017-03-01,0,0,0,0
VILLEGAS,2017,4,2017-04-01,0,0,0,0
VILLEGAS,2017,5,2017-05-01,0,0,0,0
VILLEGAS,2017,6,2017-06-01,0,0,0,0
VILLEGAS,2017,7,2017-07-01,0,0,0,0
VILLEGAS,2017,8,2017-08-01,0,0,0,0
VILLEGAS,2017,9,2017-09-01,0,0,0,0
VILLEGAS,2017,10,2017-10-01,0,0,0,0
VILLEGAS,2017,11,2017-11-01,0,0,0,0
VILLEGAS,2017,12,2017-12-01,0,0,0,0
VILLEGAS,2018,1,2018-01-01,11465.6,11465.6,0,0
VILLEGAS,2018,2,2018-02-01,11465.6,22931.2,0,0
VILLEGAS,2018,3,2018-03-01,11465.600000000002,34396.8,0,0
VILLEGAS,2018,4,2018-04-01,11465.599999999999,45862.4,0,0
VILLEGAS,2018,5,2018-05-01,11465.599999999999,57328,0,0
VILLEGAS,2018,6,2018-06-01,1216,58544,0,0
VILLEGAS,2018,7,2018-07-01,2616,61160,0,0
VILLEGAS,2018,8,2018-08-01,-61160,NA,0,NA
VILLEGAS,2018,9,2018-09-01,62859,62859,0,0
VILLEGAS,2018,10,2018-10-01,178,63037,0,0
VILLEGAS,2018,11,2018-11-01,-30,63007,0,0
VILLEGAS,2018,12,2018-12-01,713,63720,0,0
VILLEGAS,2019,1,2019-01-01,11051,11051,0,0
VILLEGAS,2019,2,2019-02-01,779,11830,0,0
VILLEGAS,2019,3,2019-03-01,8015,19845,0,0
VILLEGAS,2019,4,2019-04-01,14221,34066,0,0
VILLEGAS,2019,5,2019-05-01,6714,40780,0,0
VILLEGAS,2019,6,2019-06-01,5203,45983,0,0
VILLEGAS,2019,7,2019-07-01,7729,53712,0,0
VILLEGAS,2019,8,2019-08-01,2644,56356,0,0
VILLEGAS,2019,9,2019-09-01,445,56801,0,0
VILLEGAS,2019,10,2019-10-01,1742,58543,0,0
VILLEGAS,2019,11,2019-11-01,671.9999999999927,59214.99999999999,0,0
VILLEGAS,2019,12,2019-12-01,2755.0000000000073,61970,0,0
VILLEGAS,2020,1,2020-01-01,14791,14791,0,0
VILLEGAS,2020,2,2020-02-01,6499,21290,0,0
VILLEGAS,2020,3,2020-03-01,2380,23670,0,0
VILLEGAS,2020,4,2020-04-01,16419,40089,0,0
VILLEGAS,2020,5,2020-05-01,3653,43742,0,0
VILLEGAS,2020,6,2020-06-01,3742,47484,0,0
VILLEGAS,2020,7,2020-07-01,2761,50245,0,0
VILLEGAS,2020,8,2020-08-01,422,50667,0,0
VILLEGAS,2020,9,2020-09-01,1774,52441,0,0
VILLEGAS,2020,10,2020-10-01,896,53337,0,0
VILLEGAS,2020,11,2020-11-01,913,54250,0,0
VILLEGAS,2020,12,2020-12-01,2663,56913,0,0
VILLEGAS,2021,1,2021-01-01,16079,16079,0,0
VILLEGAS,2021,2,2021-02-01,3685,19764,0,0
VILLEGAS,2021,3,2021-03-01,2703,22467,0,0
VILLEGAS,2021,4,2021-04-01,12210,34677,0,0
VILLEGAS,2021,5,2021-05-01,12694,47371,0,0
VILLEGAS,2021,6,2021-06-01,6190,53561,0,0
VILLEGAS,2021,7,2021-07-01,5307,58868,0,0
VILLEGAS,2021,8,2021-08-01,4243,63111,0,0
VILLEGAS,2021,9,2021-09-01,1078,64189,0,0
VILLEGAS,2021,10,2021-10-01,929,65118,0,0
VILLEGAS,2021,11,2021-11-01,817,65935,0,0
VILLEGAS,2021,12,2021-12-01,2306,68241,0,0
VILLEGAS,2022,1,2022-01-01,7915,7915,0,0
VILLEGAS,2022,2,2022-02-01,2216,10131,0,0
VILLEGAS,2022,3,2022-03-01,6848,16979,0,0
VILLEGAS,2022,4,2022-04-01,8147,25126,0,0
VILLEGAS,2022,5,2022-05-01,3212,28338,0,0
VILLEGAS,2022,6,2022-06-01,1606,29944,0,0
VILLEGAS,2022,7,2022-07-01,72,30016,0,0
VILLEGAS,2022,8,2022-08-01,3702,33718,0,0
VILLEGAS,2022,9,2022-09-01,1125,34843,0,0
VILLEGAS,2022,10,2022-10-01,0,34843,0,0
VILLEGAS,2022,11,2022-11-01,914,35757,0,0
VILLEGAS,2022,12,2022-12-01,1236,36993,0,0
VILLEGAS,2023,1,2023-01-01,2582,2582,0,0
VILLEGAS,2023,2,2023-02-01,2160,4742,0,0
VILLEGAS,2023,3,2023-03-01,825,5567,0,0
VILLEGAS,2023,4,2023-04-01,1317,6884,0,0
VILLEGAS,2023,5,2023-05-01,1482,8366,0,0
VILLEGAS,2023,6,2023-06-01,301,8667,0,0
VILLEGAS,2023,7,2023-07-01,2796,11463,0,0
VILLEGAS,2023,8,2023-08-01,588,12051,0,0
VILLEGAS,2023,9,2023-09-01,531,12582,0,0
VILLEGAS,2023,10,2023-10-01,305,12887,0,0
VILLEGAS,2023,11,2023-11-01,1111,13998,0,0
VILLEGAS,2023,12,2023-12-01,2037,16035,0,0
VILLEGAS,2024,1,2024-01-01,4314,4314,0,0
VILLEGAS,2024,2,2024-02-01,1283,5597,0,0
VILLEGAS,2024,3,2024-03-01,7209,12806,0,0
VILLEGAS,2024,4,2024-04-01,15057,27863,0,0
VILLEGAS,2024,5,2024-05-01,14598,42461,0,0
VILLEGAS,2024,6,2024-06-01,5902,48363,0,0
VILLEGAS,2024,7,2024-07-01,15890,64253,0,0
VILLEGAS,2024,8,2024-08-01,11309,75562,0,0
VILLEGAS,2024,9,2024-09-01,3822,79384,0,0
VILLEGAS,2024,10,2024-10-01,1736,81120,0,0
VILLEGAS,2024,11,2024-11-01,2720,83840,0,0
VILLEGAS,2024,12,2024-12-01,7308,91148,0,0
VILLEGAS,2025,1,2025-01-01,13922.555999999999,13922.555999999999,0,0
VILLEGAS,2025,2,2025-02-01,5288.032000000001,19210.588,0,0
VILLEGAS,2025,3,2025-03-01,9193.29,28403.878,0,0
VILLEGAS,2025,4,2025-04-01,16980.122,45384,0,0
VILLEGAS,2025,5,2025-05-01,8714.502,54098.502,0,0
VILLEGAS,2025,6,2025-06-01,16844.961000000018,70943.46300000002,0,0
VILLEGAS,2025,7,2025-07-01,10679.176000000007,81622.63900000002,0,0
VILLEGAS,2025,8,2025-08-01,11732.646999999997,93355.28600000002,0,0
VILLEGAS,2025,9,2025-09-01,5152.413999999975,98507.7,0,0
VILLEGAS,2025,10,2025-10-01,7862.91700000003,106370.61700000003,0,0
VICTORIA,2017,1,2017-01-01,0,0,0,0
VICTORIA,2017,2,2017-02-01,0,0,0,0
VICTORIA,2017,3,2017-03-01,0,0,0,0
VICTORIA,2017,4,2017-04-01,0,0,0,0
VICTORIA,2017,5,2017-05-01,0,0,0,0
VICTORIA,2017,6,2017-06-01,0,0,0,0
VICTORIA,2017,7,2017-07-01,0,0,0,0
VICTORIA,2017,8,2017-08-01,0,0,0,0
VICTORIA,2017,9,2017-09-01,0,0,0,0
VICTORIA,2017,10,2017-10-01,0,0,0,0
VICTORIA,2017,11,2017-11-01,0,0,0,0
VICTORIA,2017,12,2017-12-01,0,0,0,0
VICTORIA,2018,1,2018-01-01,5279,5279,2712.2,2712.2
VICTORIA,2018,2,2018-02-01,5279,10558,2712.2,5424.4
VICTORIA,2018,3,2018-03-01,5279,15837,2712.2,8136.5999999999995
VICTORIA,2018,4,2018-04-01,5279,21116,2712.2,10848.8
VICTORIA,2018,5,2018-05-01,5279,26395,10463.240000000002,21312.04
VICTORIA,2018,6,2018-06-01,795,27190,8047.6500000000015,29359.690000000002
VICTORIA,2018,7,2018-07-01,3920,31110,3271.4199999999983,32631.11
VICTORIA,2018,8,2018-08-01,2173,33283,4468,37099.11
VICTORIA,2018,9,2018-09-01,201,33484,2653.220000000001,39752.33
VICTORIA,2018,10,2018-10-01,135,33619,3031.459999999999,42783.79
VICTORIA,2018,11,2018-11-01,3405,37024,6216.739999999998,49000.53
VICTORIA,2018,12,2018-12-01,5157,42181,3702.1399999999994,52702.67
VICTORIA,2019,1,2019-01-01,29205,29205,8225.194999999998,8225.194999999998
VICTORIA,2019,2,2019-02-01,12158,41363,8139.669999999998,16364.864999999996
VICTORIA,2019,3,2019-03-01,13122,54485,11866.070000000002,28230.934999999998
VICTORIA,2019,4,2019-04-01,6814,61299,6689.658000000003,34920.593
VICTORIA,2019,5,2019-05-01,10320,71619,8625.981500000002,43546.5745
VICTORIA,2019,6,2019-06-01,4134,75753,3755.2549999999974,47301.8295
VICTORIA,2019,7,2019-07-01,3199,78952,10668.585,57970.4145
VICTORIA,2019,8,2019-08-01,1058,80010,1542.9700000000012,59513.3845
VICTORIA,2019,9,2019-09-01,0,80010,219.63500000000204,59733.0195
VICTORIA,2019,10,2019-10-01,1284,81294,1153.5849999999991,60886.6045
VICTORIA,2019,11,2019-11-01,1525.0000000000146,82819.00000000001,6460.949999999997,67347.5545
VICTORIA,2019,12,2019-12-01,4038.9999999999854,86858,3015.3699999999953,70362.9245
VICTORIA,2020,1,2020-01-01,16860,16860,6121.055,6121.055
VICTORIA,2020,2,2020-02-01,8372,25232,4458.296999999999,10579.351999999999
VICTORIA,2020,3,2020-03-01,18640,43872,8653.517,19232.869
VICTORIA,2020,4,2020-04-01,5143,49015,6304.735000000001,25537.604
VICTORIA,2020,5,2020-05-01,6305,55320,1962.8877949999987,27500.491794999998
VICTORIA,2020,6,2020-06-01,3192,58512,1709.7000000000007,29210.191795
VICTORIA,2020,7,2020-07-01,2892,61404,755.5299999999988,29965.721794999998
VICTORIA,2020,8,2020-08-01,1098,62502,3383.4850000000006,33349.206795
VICTORIA,2020,9,2020-09-01,1940,64442,3728.875,37078.081795
VICTORIA,2020,10,2020-10-01,931,65373,2131.519999999997,39209.601794999995
VICTORIA,2020,11,2020-11-01,4834,70207,3876.540000000001,43086.141794999996
VICTORIA,2020,12,2020-12-01,2609,72816,1207.0049999999974,44293.14679499999
VICTORIA,2021,1,2021-01-01,20767,20767,186.61999999999998,186.61999999999998
VICTORIA,2021,2,2021-02-01,2414,23181,1828.8500000000001,2015.47
VICTORIA,2021,3,2021-03-01,8472,31653,7312.985,9328.455
VICTORIA,2021,4,2021-04-01,9338,40991,3185.9799999999996,12514.435
VICTORIA,2021,5,2021-05-01,4707,45698,2065.379999999999,14579.814999999999
VICTORIA,2021,6,2021-06-01,5003,50701,3536.4399999999987,18116.254999999997
VICTORIA,2021,7,2021-07-01,3196,53897,5528.300000000003,23644.555
VICTORIA,2021,8,2021-08-01,1252,55149,4738.095000000005,28382.650000000005
VICTORIA,2021,9,2021-09-01,760,55909,4630.035,33012.685000000005
VICTORIA,2021,10,2021-10-01,422,56331,3579.965000000004,36592.65000000001
VICTORIA,2021,11,2021-11-01,8215,64546,1595.3150000000023,38187.96500000001
VICTORIA,2021,12,2021-12-01,6289,70835,0,38187.96500000001
VICTORIA,2022,1,2022-01-01,8184,8184,0,0
VICTORIA,2022,2,2022-02-01,3857,12041,0,0
VICTORIA,2022,3,2022-03-01,5526,17567,0,0
VICTORIA,2022,4,2022-04-01,8136,25703,0,0
VICTORIA,2022,5,2022-05-01,5621,31324,0,0
VICTORIA,2022,6,2022-06-01,1627,32951,0,0
VICTORIA,2022,7,2022-07-01,669,33620,0,0
VICTORIA,2022,8,2022-08-01,1107,34727,0,0
VICTORIA,2022,9,2022-09-01,596,35323,0,0
VICTORIA,2022,10,2022-10-01,150,35473,0,0
VICTORIA,2022,11,2022-11-01,7132,42605,0,0
VICTORIA,2022,12,2022-12-01,2121,44726,0,0
VICTORIA,2023,1,2023-01-01,2180,2180,0,0
VICTORIA,2023,2,2023-02-01,126,2306,0,0
VICTORIA,2023,3,2023-03-01,219,2525,0,0
VICTORIA,2023,4,2023-04-01,788,3313,0,0
VICTORIA,2023,5,2023-05-01,1467,4780,0,0
VICTORIA,2023,6,2023-06-01,891,5671,0,0
VICTORIA,2023,7,2023-07-01,1888,7559,0,0
VICTORIA,2023,8,2023-08-01,2050,9609,0,0
VICTORIA,2023,9,2023-09-01,531,10140,0,0
VICTORIA,2023,10,2023-10-01,330,10470,0,0
VICTORIA,2023,11,2023-11-01,5985,16455,0,0
VICTORIA,2023,12,2023-12-01,2434,18889,0,0
VICTORIA,2024,1,2024-01-01,5915,5915,0,0
VICTORIA,2024,2,2024-02-01,3421,9336,0,0
VICTORIA,2024,3,2024-03-01,4039,13375,0,0
VICTORIA,2024,4,2024-04-01,4511,17886,0,0
VICTORIA,2024,5,2024-05-01,3425,21311,0,0
VICTORIA,2024,6,2024-06-01,362,21673,0,0
VICTORIA,2024,7,2024-07-01,-66,21607,0,0
VICTORIA,2024,8,2024-08-01,9,21616,0,0
VICTORIA,2024,9,2024-09-01,10,21626,0,0
VICTORIA,2024,10,2024-10-01,36,21662,0,0
VICTORIA,2024,11,2024-11-01,2243,23905,0,0
VICTORIA,2024,12,2024-12-01,618,24523,0,0
VICTORIA,2025,1,2025-01-01,1045.12,1045.12,0,0
VICTORIA,2025,2,2025-02-01,1644.393,2689.513,0,0
VICTORIA,2025,3,2025-03-01,1676.1000000000004,4365.613,0,0
VICTORIA,2025,4,2025-04-01,2989.3869999999997,7355,0,0
VICTORIA,2025,5,2025-05-01,2955.7090000000007,10310.709,0,0
VICTORIA,2025,6,2025-06-01,1562.6910000000007,11873.400000000001,0,0
VICTORIA,2025,7,2025-07-01,221.71000000000095,12095.110000000002,0,0
VICTORIA,2025,8,2025-08-01,250.1999999999989,12345.310000000001,0,0
VICTORIA,2025,9,2025-09-01,677.8399999999983,13023.15,0,0
VICTORIA,2025,10,2025-10-01,1904.3020000000015,14927.452000000001,0,0
